<?xml version="1.0" encoding="UTF-8"?>
<project-private xmlns="http://www.netbeans.org/ns/project-private/1">
    <editor-bookmarks xmlns="http://www.netbeans.org/ns/editor-bookmarks/2" lastBookmarkId="0"/>
    <open-files xmlns="http://www.netbeans.org/ns/projectui-open-files/2">
        <group>
            <file>file:/C:/Users/hp/Documents/STIS/SEMESTER%204/PBO/UASPBO/src/Utility/Validator.java</file>
            <file>file:/C:/Users/hp/Documents/STIS/SEMESTER%204/PBO/UASPBO/src/Model/Pengajuan.java</file>
            <file>file:/C:/Users/hp/Documents/STIS/SEMESTER%204/PBO/UASPBO/src/Controller/PengajuanController.java</file>
            <file>file:/C:/Users/hp/Documents/STIS/SEMESTER%204/PBO/UASPBO/src/View/LoginFrame.java</file>
            <file>file:/C:/Users/hp/Documents/STIS/SEMESTER%204/PBO/UASPBO/src/View/MainFrame.java</file>
            <file>file:/C:/Users/hp/Documents/STIS/SEMESTER%204/PBO/UASPBO/src/Controller/PengajuanDAO.java</file>
            <file>file:/C:/Users/hp/Documents/STIS/SEMESTER%204/PBO/UASPBO/src/Utility/Database.java</file>
            <file>file:/C:/Users/hp/Documents/STIS/SEMESTER%204/PBO/UASPBO/src/View/EntryPanel.java</file>
            <file>file:/C:/Users/hp/Documents/STIS/SEMESTER%204/PBO/UASPBO/src/View/DataPanel.java</file>
            <file>file:/C:/Users/hp/Documents/STIS/SEMESTER%204/PBO/UASPBO/src/Utility/PDFexporter.java</file>
        </group>
    </open-files>
</project-private>
